\,SWC Type(s),Path length (”m)
Path (1) [L:49.600”m],Undefined,49.60027893880717
Path (2) [L:6.360”m],Undefined,6.359797974644677
Path (3) [L:3.320”m],Undefined,3.3199326582148867
Root centroid [L:0.000”m],Undefined,0.0
 ,null,null
Mean,"",14.820002392916685
SD,"",23.331857835990615
N,"",4
Min,"",0.0
Max,"",49.60027893880717
Sum,"",59.28000957166674
 ,null,null
